dataset,submissionType,completeness_ratio,precision_ratio,recall_ratio,f1_ratio,values_per_min
bio2rdf,Turtle editor,0.0756578947368421,0.6522727272727272,0.05592105263157894,0.10091855781510953,0.4759085711384856
bio2rdf,llm,0.8421052631578947,0.890625,0.75,0.8142857142857143,9.121140142517815
bio2rdf,regular,0.3355263157894737,0.657226062467998,0.23026315789473684,0.33474599389487625,2.591926347083441
quotekg,Turtle editor,0.08730158730158731,0.6782106782106782,0.05952380952380953,0.14762906796865416,0.9572026827583967
quotekg,llm,0.6388888888888888,0.7707792207792208,0.5069444444444444,0.5716212166616721,4.1186037193296725
quotekg,regular,0.5277777777777778,0.7158730158730159,0.3796296296296296,0.4823209289612452,3.365021315930876
yago,llm,0.6799242424242424,0.8660044531635157,0.5890151515151515,0.6892302567044208,6.57777002168449
yago,regular,0.6161616161616162,0.6141636141636142,0.393939393939394,0.4721417069243157,3.3448331116819574
